{
  "_id": "csp",
  "name": "csp",
  "fullname": "Custom Spell Power",
  "version": "0.01.00",
  "author": "DarkSupremo",
  "authorimage": "https://steamcdn-a.akamaihd.net/steamcommunity/public/images/avatars/ef/ef3b2fc1d7e3d7556a7d163d7753f38cf99abf30_full.jpg",
  "thumbnail": "http://i.imgur.com/NkHSRo4.png",
  "spreadimage": "http://u.kanobu.ru/comments/images/0330629f-2f55-4c63-a6fd-717c77b8076a.jpg",
  "website": "https://github.com/DarkSupremo/Multiplier",
  "subtitle": "An mode where you can multiply the values of all spells and items!",
  "description": "Pick your overpowered hero to kill everyone.",
  "features": ["All skills and items values multiplied", "Multipliers Available: x2 x3 x5", "You gain extra STR every level based on multiplier"],
  "playable": true,
  "isPublic": true,
  "spreadvideo": null,
  "disableGG": true,
  "mapOverride": "multiplier",
  "bundle": "csp.zip"
}